first_name,last_name,email_id,phone,city,created_at,gender,referral_code,marital_status,profile_id
anusha,pariti,anusha.pariti@gmail.com,8105987404,Bangalore,2015-04-16,F,7L5FZW,Y,1
Ashish,Singh,ashish.singh@gmail.com,9876890463,Bangalore,2015-05-23,M,KF34MF,Y,2
Bhaskar,maheshwari,bhaskar.mah@gmail.com,9801834992,Bangalore,2015-05-01,M,5TYSHGF,N,3
Garima,yadav,garima0191@gmail.com,81059237004,Bangalore,2015-10-20,F,5G5FQW,N,4
Tanvi,mann,tanvi.mann1907@gmail.com,9178352769,Bangalore,2015-02-16,F,JSH48B,N,5
Harish,sahai,harish294all@gmail.com,9876548763,Bangalore,2015-11-11,M,MKGI2W,Y,6
Kamal,gera,kamal0094@gmail.com,8105987404,Bangalore,2015-10-31,M,MK34ER,N,7
Tushar,kapoor,tushar.kapoor21@gmail.com,8926537154,Pune,2015-12-12,M,KLF12E,N,8
Shivshankar,das,sankar.shiva730@gmail.com,9801834992,Pune,2015-10-06,M,3RE5TY,Y,9
Aditi,jain,aditi.jain@sproxil.com,9873123456,Pune,2015-06-11,F,5TPL4E,N,10
Deepa,sudhakar,sudhakar.deepa@gmail.com,7896785432,Pune,2015-09-15,F,4RTYUIO,Y,11
Umang,parejiya,uparejiya@gmail.com,7896543674,Pune,2015-07-18,M,6TY4WE,N,12
Mitali,gupta,mitali.gupta80@gmail.com,8796751238,Pune,2015-03-24,F,5RTYU3,Y,13
Manisha,Yadav,maniyadav88@gmail.com,9867845182,Delhi,2015-01-27,F,LKGHY6,N,14
Shivani,godha,shivani_go@nid.edu,9878673428,Delhi,2015-02-19,F,8NM4R,Y,15
Rajan,pandey,raajanpandey@gmail.com,8987647811,delhi,2015-09-04,M,5TYUIO,N,16
Roosena,manuel,roseenasimimanuel@gmail.com,9875623345,Delhi,2015-04-13,F,6TYHU,Y,17
Prabhjot,gill,prabhjotgill09@gmail.com,9800786688,Delhi,2015-12-30,M,GHJK34,N,18
Ankita,sharma,ankita.anku96@gmail.com,9988789656,Delhi,2015-08-17,F,TH67TY,Y,19
Karan,Singh,karan.singh@gmail.com,8976665768,Delhi,2015-09-15,M,LRF34F,N,20
